{
  "Beijing": {
    "auprc": 0.7822475830806325,
    "roc_auc": 0.7851269920138927,
    "r2": -1.0784347982640496,
    "rmse": 0.7175977148685764,
    "iou": 0.458770479885644,
    "f1": 0.6289824015654717,
    "best_threshold": 0.7,
    "n_pixels": 15609734,
    "pos_ratio": 45.26382063909609
  },
  "Delhi": {
    "auprc": 0.49363347461912815,
    "roc_auc": 0.6451311340890066,
    "r2": -0.02851913722947419,
    "rmse": 0.4931998434493635,
    "iou": 0.3884288903972928,
    "f1": 0.5595229155540627,
    "best_threshold": 0.4,
    "n_pixels": 20374566,
    "pos_ratio": 38.38159791968084
  },
  "Dubai": {
    "auprc": 0.39146151352753755,
    "roc_auc": 0.7451303819577196,
    "r2": -2.7231486276588868,
    "rmse": 0.8065098073654556,
    "iou": 0.24097420366250707,
    "f1": 0.3883629538008381,
    "best_threshold": 0.7,
    "n_pixels": 4299361,
    "pos_ratio": 22.560329314053877
  },
  "London": {
    "auprc": 0.5307190004777373,
    "roc_auc": 0.6932218725255057,
    "r2": -2.8594217616372544,
    "rmse": 0.8490478973871188,
    "iou": 0.24982083576859118,
    "f1": 0.3997706369088672,
    "best_threshold": 0.7,
    "n_pixels": 7593049,
    "pos_ratio": 24.857418936714357
  },
  "Mumbai": {
    "auprc": 0.7212749795352746,
    "roc_auc": 0.8055227467679182,
    "r2": -1.0907938222193794,
    "rmse": 0.7047172274929805,
    "iou": 0.42535094180412325,
    "f1": 0.5968367920194303,
    "best_threshold": 0.7,
    "n_pixels": 33114696,
    "pos_ratio": 38.8331090220487
  },
  "cross_city": {
    "Beijing": {
      "test_auprc": 0.7822475830806325,
      "test_roc_auc": 0.7851269920138927,
      "test_iou": 0.458770479885644,
      "train_auprc": 0.538820428571491,
      "train_roc_auc": 0.6348996808423366,
      "generalization_gap_auprc": -0.24342715450914143,
      "generalization_gap_roc": -0.15022731117155608
    },
    "Delhi": {
      "test_auprc": 0.49363347461912815,
      "test_roc_auc": 0.6451311340890066,
      "test_iou": 0.3884288903972928,
      "train_auprc": 0.6770288792695347,
      "train_roc_auc": 0.7666048927114812,
      "generalization_gap_auprc": 0.18339540465040655,
      "generalization_gap_roc": 0.12147375862247467
    },
    "Dubai": {
      "test_auprc": 0.39146151352753755,
      "test_roc_auc": 0.7451303819577196,
      "test_iou": 0.24097420366250707,
      "train_auprc": 0.6137547915593095,
      "train_roc_auc": 0.6665700751748946,
      "generalization_gap_auprc": 0.2222932780317719,
      "generalization_gap_roc": -0.078560306782825
    },
    "London": {
      "test_auprc": 0.5307190004777373,
      "test_roc_auc": 0.6932218725255057,
      "test_iou": 0.24982083576859118,
      "train_auprc": 0.6423643494309791,
      "train_roc_auc": 0.6799689349805967,
      "generalization_gap_auprc": 0.11164534895324174,
      "generalization_gap_roc": -0.013252937544908971
    },
    "Mumbai": {
      "test_auprc": 0.7212749795352746,
      "test_roc_auc": 0.8055227467679182,
      "test_iou": 0.42535094180412325,
      "train_auprc": 0.5486172468071043,
      "train_roc_auc": 0.5982896569309151,
      "generalization_gap_auprc": -0.1726577327281703,
      "generalization_gap_roc": -0.20723308983700317
    }
  }
}